class,model,PSNR_mask,SSIM_mask,LPIPS
glioma,Bicubic,30.4644,0.8738,0.1701
glioma,EDSR,33.3876,0.9241,0.0976
glioma,RealESRGAN,25.3574,0.7992,0.1757
glioma,SwinIR,33.5302,0.9248,0.095
glioma,Waifu2x,32.7714,0.9157,0.0993
meningioma,Bicubic,30.4801,0.8798,0.1862
meningioma,EDSR,33.381,0.9257,0.1113
meningioma,RealESRGAN,24.8235,0.7877,0.1793
meningioma,SwinIR,33.6158,0.9272,0.1086
meningioma,Waifu2x,32.6583,0.9174,0.1122
notumor,Bicubic,22.1799,0.6781,0.3784
notumor,EDSR,25.3539,0.782,0.2188
notumor,RealESRGAN,20.347,0.6315,0.2369
notumor,SwinIR,25.6661,0.7863,0.2146
notumor,Waifu2x,24.6325,0.764,0.2257
pituitary,Bicubic,30.2599,0.8644,0.2267
pituitary,EDSR,33.2993,0.9155,0.1389
pituitary,RealESRGAN,25.6622,0.7877,0.2355
pituitary,SwinIR,33.4564,0.9167,0.1338
pituitary,Waifu2x,32.6299,0.907,0.1439
