model,metric,mean_diff,CI95_lo,CI95_hi,p_wilcoxon
EDSR,PSNR_mask,3.009361872856899,2.9703249204661,3.05058149944653,0.0
EDSR,SSIM_mask,0.06278223121318594,0.06133171874666094,0.0641949001119764,0.0
EDSR,LPIPS,-0.09869948069471866,-0.10073686679219827,-0.09660562253508251,0.0
Waifu2x,PSNR_mask,2.3269006748008683,2.2955591497827506,2.359215930996492,0.0
Waifu2x,SSIM_mask,0.05200723151118199,0.05079933412105398,0.05320823523879708,0.0
Waifu2x,LPIPS,-0.09508671609684825,-0.0969728455600096,-0.09307642449184786,0.0
RealESRGAN,PSNR_mask,-4.298581565554832,-4.410588168412741,-4.193704561807847,0.0
RealESRGAN,SSIM_mask,-0.07251012489169907,-0.07444847759208753,-0.07063576678630258,3.49074762032308e-309
RealESRGAN,LPIPS,-0.033488090962171556,-0.03715845702374354,-0.029610389003157614,1.365374601570159e-29
SwinIR,PSNR_mask,3.221031229720053,3.1746464529646388,3.267863238440876,0.0
SwinIR,SSIM_mask,0.06472837311350195,0.06319810049246809,0.0662074880351368,0.0
SwinIR,LPIPS,-0.1023631953005679,-0.10443166581535479,-0.1002019798659836,0.0
